timestamp,Gyro_x,Gyro_y,Gyro_z,Accel_x,Accel_y,Accel_z,Mag_x,Mag_y,Mag_z
1730861327392,-2.367300,0.444800,0.942800,0.228100,0.001100,9.675200,-95.250000,0.500000,4039.750000
1730861327393,-2.359100,0.493800,0.946900,0.224500,0.001700,9.666800,-93.750000,0.750000,4036.250000
1730861327393,-2.440800,0.538700,-1.004000,0.222700,0.004700,9.675200,-93.000000,-2.000000,4039.750000
1730861327393,-2.314200,0.440800,0.955100,0.222700,0.011900,9.667400,-90.750000,0.250000,4040.750000
1730861327393,-2.244800,0.469300,0.934600,0.219100,0.002900,9.670400,-91.500000,1.250000,4037.750000
1730861327393,-2.432600,0.497900,0.975500,0.229300,0.002900,9.679400,-95.750000,1.250000,4041.500000
1730861327393,-2.371400,0.469300,0.983600,0.232900,0.003500,9.662700,-97.250000,-1.500000,4034.500000
1730861327394,-2.477500,0.469300,-1.048900,0.222100,0.002900,9.668000,-92.750000,1.250000,4036.750000
1730861327394,-2.436700,0.469300,0.967300,0.230500,0.002900,9.678200,-96.250000,0.000000,4040.500000
1730861327394,-2.408100,0.502000,0.991800,0.244800,0.011900,9.760900,-102.250000,5.000000,4075.500000
1730861327394,-2.342800,0.485700,0.987700,0.224500,0.001700,9.675800,-93.750000,0.750000,4040.000000
1730861327394,-2.400000,0.506100,0.963200,0.219100,0.002900,9.679400,-91.500000,-1.250000,4041.500000
1730861327395,-2.395900,0.506100,0.983600,0.217900,0.002300,9.679400,-98.500000,1.750000,4043.000000
1730861327395,-2.383600,0.489700,0.959100,0.226300,0.001100,9.672200,-94.500000,0.500000,4038.500000
1730861327395,-2.326500,0.502000,0.975500,0.225100,0.002300,9.677000,-94.000000,-1.000000,4040.500000
1730861327395,-2.473400,0.493800,-1.024400,0.223300,0.001100,9.667400,-93.250000,0.500000,4036.500000
1730861327395,-2.379500,0.518300,0.967300,0.221500,0.004700,9.670400,-98.750000,2.250000,4041.750000
1730861327395,-2.367300,0.444800,0.926500,0.226300,0.000000,9.679400,-94.500000,0.000000,4041.500000
1730861327395,-2.289700,0.436700,0.951000,0.220900,0.006500,9.680000,-92.250000,2.750000,4041.750000
1730861327396,-2.342800,0.493800,0.983600,0.233500,0.002300,9.665600,-97.500000,-1.000000,4035.750000
1730861327396,-2.318300,0.481600,0.979500,0.225700,0.009500,9.678200,-92.500000,0.250000,4041.000000
1730861327396,-2.314200,0.493800,0.959100,0.224500,0.000500,9.680600,-93.750000,0.250000,4042.000000
1730861327396,-2.334600,0.477500,0.983600,0.228700,0.005900,9.672800,-95.500000,-2.500000,4038.750000
1730861327396,-2.334600,0.489700,0.951000,0.234700,0.011300,9.656100,-98.000000,-4.750000,4031.750000
1730861327396,-2.371400,0.465300,0.906100,0.225100,0.014300,9.681200,-94.000000,6.000000,4042.250000
1730861327396,-2.387700,0.481600,0.955100,0.229300,0.000500,9.678200,-95.750000,1.000000,4038.750000
1730861327397,-2.436700,0.538700,-1.040800,0.228100,0.012500,9.681800,-95.250000,-5.250000,4042.500000
1730861327397,-2.391800,0.485700,0.971400,0.226300,0.003500,9.677600,-94.500000,1.500000,4040.750000
1730861327397,-2.322400,0.481600,0.967300,0.233500,0.013100,9.671000,-97.500000,5.500000,4038.000000
1730861327397,-2.342800,0.481600,-1.016300,0.226900,0.002900,9.677600,-94.500000,0.000000,4042.250000
1730861327397,-2.363200,0.506100,0.946900,0.226900,0.001100,9.669800,-94.750000,0.500000,4037.500000
1730861327397,-2.375500,0.502000,0.959100,0.223300,0.002900,9.676400,-93.250000,-1.250000,4040.250000
1730861327398,-2.330600,0.444800,0.918300,0.226300,0.001100,9.678800,-94.500000,0.500000,4041.250000
1730861327398,-2.379500,0.538700,-1.032600,0.224500,0.008900,9.667400,-96.000000,0.250000,4041.250000
1730861327398,-2.306100,0.469300,0.991800,0.227500,0.002900,9.675800,-95.000000,1.250000,4040.000000
1730861327398,-2.330600,0.485700,0.979500,0.223900,0.003500,9.677000,-93.500000,1.500000,4040.500000
1730861327398,-2.363200,0.469300,0.983600,0.226900,0.001100,9.668000,-94.750000,0.500000,4036.750000
1730861327398,-2.367300,0.432600,0.938700,0.230500,0.001100,9.673400,-93.250000,2.500000,4039.000000
1730861327398,-2.432600,0.514200,0.979500,0.228100,0.002900,9.683600,-95.250000,1.250000,4043.250000
1730861327398,-2.404000,0.506100,-1.012200,0.213700,0.022700,9.661500,-89.250000,-9.500000,4034.000000
1730861327399,-2.412200,0.457100,0.959100,0.218500,0.001700,9.671600,-91.250000,0.750000,4038.250000
1730861327399,-2.424400,0.497900,0.983600,0.223900,0.004100,9.678200,-93.500000,1.750000,4041.000000
1730861327399,-2.436700,0.477500,-1.024400,0.231100,0.000500,9.678200,-93.500000,2.500000,4041.250000
1730861327399,-2.493800,0.477500,-1.000000,0.225700,0.005300,9.678200,-94.250000,2.250000,4041.000000
1730861327399,-2.469300,0.546900,-1.040800,0.226300,0.004700,9.675800,-94.500000,2.000000,4040.000000
1730861327399,-2.359100,0.461200,0.983600,0.222700,0.000500,9.668000,-93.000000,0.250000,4036.750000
1730861327400,-2.420400,0.534600,-1.012200,0.224500,0.000000,9.676400,-94.250000,0.750000,4046.250000
1730861327400,-2.502000,0.461200,-1.004000,0.225700,0.000500,9.677000,-94.250000,0.250000,4040.500000
1730861327400,-2.253000,0.481600,0.922400,0.232900,0.004700,9.679400,-97.250000,2.000000,4041.500000
1730861327400,-2.395900,0.432600,-1.000000,0.230500,0.001100,9.643500,-96.250000,0.500000,4026.500000
1730861327400,-2.465300,0.424400,0.975500,0.223900,0.007100,9.662700,-92.250000,4.250000,4043.250000
1730861327400,-2.346900,0.432600,0.971400,0.224500,0.003500,9.654900,-93.750000,-1.500000,4031.250000
1730861327400,-2.367300,0.444800,0.987700,0.228700,0.001100,9.678800,-95.500000,0.500000,4041.250000
1730861327401,-2.289700,0.497900,0.963200,0.230500,0.005300,9.677000,-96.250000,2.250000,4040.500000
1730861327401,-2.395900,0.485700,0.987700,0.233500,0.002900,9.680600,-93.500000,-1.250000,4042.000000
1730861327401,-2.375500,0.448900,0.971400,0.222100,0.002300,9.657300,-92.750000,1.000000,4032.250000
1730861327401,-2.314200,0.448900,0.926500,0.227500,0.005300,9.672800,-95.000000,2.250000,4038.750000
1730861327401,-2.330600,0.485700,0.938700,0.225100,0.005900,9.641100,-94.000000,2.500000,4025.500000
1730861327401,-2.346900,0.485700,-1.012200,0.227500,0.006500,9.680000,-95.000000,2.750000,4041.750000
1730861327401,-2.473400,0.502000,-1.008100,0.222700,0.001100,9.663300,-97.000000,0.750000,4035.000000
1730861327402,-2.453000,0.538700,-1.000000,0.228700,0.018500,9.694400,-95.500000,7.750000,4047.750000
1730861327402,-2.448900,0.453000,-1.024400,0.229300,0.001100,9.681800,-95.750000,0.500000,4042.500000
1730861327402,-2.367300,0.489700,-1.020400,0.228700,0.005300,9.670400,-95.500000,-2.250000,4037.750000
1730861327402,-2.375500,0.514200,0.975500,0.220900,0.010100,9.676400,-96.750000,0.250000,4042.000000
1730861327402,-2.379500,0.510200,0.975500,0.228100,0.001100,9.677600,-95.250000,0.500000,4040.750000
1730861327402,-2.330600,0.465300,0.975500,0.237100,0.000500,9.669200,-99.000000,0.250000,4037.250000
1730861327403,-2.469300,0.514200,0.959100,0.234100,0.000500,9.678200,-97.750000,0.250000,4041.000000
1730861327403,-2.440800,0.502000,0.967300,0.223300,0.000500,9.673400,-92.000000,-1.000000,4037.250000
1730861327403,-2.338700,0.457100,0.979500,0.224500,0.010100,9.669800,-93.750000,4.250000,4037.500000
1730861327403,-2.432600,0.485700,-1.000000,0.221500,0.000500,9.668600,-92.500000,0.250000,4037.000000
1730861327403,-2.289700,0.461200,0.963200,0.232300,0.002300,9.670400,-97.000000,1.000000,4037.750000
1730861327403,-2.367300,0.448900,0.995900,0.226300,0.001700,9.678800,-94.750000,0.500000,4041.250000
1730861327403,-2.477500,0.489700,-1.016300,0.225700,0.001700,9.675200,-94.250000,0.750000,4039.750000
1730861327404,-2.387700,0.485700,-1.028500,0.228700,0.002300,9.676400,-95.500000,1.000000,4040.250000
1730861327404,-2.338700,0.469300,0.955100,0.229900,0.006500,9.676400,-96.000000,2.750000,4040.250000
1730861327404,-2.342800,0.530600,0.995900,0.226900,0.010100,9.680600,-94.750000,4.250000,4042.000000
1730861327404,-2.355100,0.465300,0.926500,0.229300,0.003500,9.677000,-99.250000,0.500000,4040.000000
1730861327404,-2.448900,0.551000,0.983600,0.215500,0.007700,9.672800,-90.000000,3.250000,4038.750000
1730861327404,-2.359100,0.424400,0.959100,0.226900,0.004700,9.675200,-94.750000,2.000000,4039.750000
1730861327404,-2.277500,0.473400,0.942800,0.219100,0.000000,9.659100,-91.500000,0.000000,4033.000000
1730861327405,-2.338700,0.506100,0.951000,0.222700,0.000500,9.678800,-95.000000,-3.000000,4039.500000
1730861327405,-2.334600,0.453000,0.959100,0.229900,0.001700,9.660900,-96.000000,0.750000,4033.750000
1730861327405,-2.424400,0.481600,0.955100,0.224500,0.005300,9.677000,-93.750000,2.250000,4040.500000
1730861327405,-2.310200,0.448900,0.926500,0.231100,0.001100,9.678200,-96.500000,0.500000,4041.000000
1730861327405,-2.363200,0.440800,0.983600,0.219700,0.003500,9.675800,-95.750000,4.000000,4041.000000
1730861327405,-2.375500,0.518300,0.946900,0.221500,0.001700,9.671600,-92.500000,0.750000,4038.250000
1730861327406,-2.383600,0.453000,0.963200,0.228700,0.005900,9.681800,-95.500000,2.500000,4042.500000
1730861327406,-2.367300,0.461200,0.967300,0.228100,0.004700,9.675800,-95.250000,2.000000,4040.000000
1730861327406,-2.436700,0.538700,0.946900,0.225100,0.001100,9.667400,-96.000000,0.500000,4036.500000
1730861327406,-2.383600,0.473400,-1.012200,0.230500,0.005300,9.670400,-96.250000,2.250000,4037.750000
1730861327406,-2.395900,0.510200,0.975500,0.227500,0.000500,9.679400,-95.000000,0.250000,4041.500000
1730861327406,-2.387700,0.510200,-1.000000,0.225700,0.004100,9.675800,-94.250000,-1.750000,4040.000000
1730861327406,-2.391800,0.473400,0.914200,0.217900,0.000500,9.676400,-91.000000,0.250000,4040.250000
1730861327407,-2.314200,0.497900,0.934600,0.214300,0.002900,9.680600,-93.000000,1.000000,4041.750000
1730861327407,-2.346900,0.457100,0.942800,0.230500,0.001100,9.681200,-96.250000,0.500000,4042.250000
1730861327407,-2.395900,0.510200,-1.008100,0.227500,0.003500,9.679400,-95.000000,1.500000,4041.500000
1730861327407,-2.330600,0.461200,-1.020400,0.219700,0.006500,9.678800,-91.750000,2.750000,4041.250000
1730861327407,-2.322400,0.444800,0.967300,0.232300,0.004100,9.663300,-96.250000,0.750000,4040.000000
1730861327407,-2.457100,0.526500,-1.028500,0.229300,0.016700,9.672200,-95.750000,-7.000000,4038.500000
1730861327408,-2.428500,0.563200,0.983600,0.213700,0.009500,9.695600,-89.250000,4.000000,4048.250000
1730861327408,-2.383600,0.477500,-1.004000,0.230500,0.014900,9.662100,-96.250000,6.250000,4034.250000
1730861327408,-2.289700,0.477500,0.967300,0.222700,0.002900,9.663900,-93.500000,2.000000,4035.000000
1730861327408,-2.485700,0.461200,0.979500,0.226900,0.008300,9.675800,-94.750000,-3.500000,4040.000000
1730861327408,-2.436700,0.506100,-1.040800,0.228700,0.003500,9.675200,-95.500000,1.500000,4039.750000
1730861327408,-2.465300,0.534600,0.987700,0.226300,0.009500,9.672200,-94.500000,4.000000,4038.500000
1730861327408,-2.400000,0.481600,0.991800,0.231100,0.001100,9.676400,-96.500000,0.500000,4040.250000
1730861327408,-2.383600,0.506100,0.963200,0.225100,0.000000,9.677600,-91.000000,-2.250000,4038.250000
1730861327409,-2.408100,0.481600,-1.008100,0.228700,0.000500,9.677600,-95.500000,0.250000,4040.750000
1730861327409,-2.318300,0.416300,0.918300,0.220300,0.001700,9.663900,-92.000000,0.750000,4035.000000
1730861327409,-2.302000,0.473400,0.959100,0.217300,0.005900,9.677000,-90.750000,2.500000,4040.500000
1730861327409,-2.334600,0.481600,0.991800,0.236500,0.007700,9.658500,-91.500000,2.000000,4042.500000
1730861327409,-2.293800,0.436700,0.959100,0.220900,0.001100,9.677000,-92.250000,0.500000,4040.500000
1730861327409,-2.346900,0.432600,0.967300,0.223300,0.002900,9.662700,-93.250000,-1.250000,4034.500000
1730861327410,-2.363200,0.461200,0.995900,0.226900,0.000500,9.660300,-94.750000,0.250000,4033.500000
1730861327410,-2.359100,0.477500,0.971400,0.217300,0.012500,9.677600,-96.500000,1.500000,4041.500000
1730861327410,-2.310200,0.436700,0.951000,0.228100,0.002300,9.675800,-95.250000,1.000000,4040.000000
1730861327410,-2.261200,0.424400,0.926500,0.226900,0.001100,9.688400,-94.750000,0.500000,4045.250000
1730861327410,-2.359100,0.522400,0.942800,0.229300,0.007100,9.682400,-95.750000,3.000000,4042.750000
1730861327410,-2.346900,0.481600,0.955100,0.220900,0.001700,9.677000,-92.250000,0.750000,4040.500000
1730861327410,-2.363200,0.538700,0.983600,0.229300,0.001100,9.677600,-95.750000,63.500000,4041.750000
1730861327411,-2.400000,0.485700,0.987700,0.230500,0.000500,9.674000,-96.250000,0.250000,4039.250000
1730861327411,-2.481600,0.444800,-1.016300,0.220900,0.003500,9.680600,-92.250000,1.500000,4042.000000
1730861327411,-2.322400,0.481600,0.906100,0.228700,0.002900,9.686000,-95.500000,1.250000,4044.250000
1730861327411,-2.306100,0.481600,0.906100,0.218500,0.004100,9.683000,-94.750000,2.750000,4044.500000
1730861327411,-2.408100,0.546900,0.967300,0.226300,0.004700,9.677000,-94.500000,2.000000,4040.500000
1730861327412,-2.518300,0.473400,0.951000,0.223900,0.000500,9.674000,-93.500000,0.250000,4039.250000
1730861327412,-2.322400,0.489700,0.959100,0.222700,0.016700,9.681200,-93.000000,7.000000,4042.250000
1730861327412,-2.346900,0.514200,0.967300,0.226300,0.004100,9.677600,-93.500000,3.000000,4040.250000
1730861327412,-2.538700,0.563200,0.991800,0.228700,0.003500,9.687200,-95.500000,1.500000,4044.750000
1730861327412,-2.359100,0.506100,-1.012200,0.224500,0.000500,9.681200,-93.750000,0.250000,4042.250000
1730861327412,-2.444800,0.518300,0.995900,0.220900,0.000500,9.689600,-92.250000,0.250000,4045.750000
1730861327413,-2.420400,0.457100,-1.024400,0.219700,0.002900,9.665600,-91.250000,0.250000,4035.750000
1730861327413,-2.326500,0.522400,0.951000,0.232900,0.001100,9.681200,-97.250000,0.500000,4042.250000
1730861327413,-2.383600,0.481600,0.955100,0.223900,0.002300,9.672200,-93.500000,-1.000000,4038.500000
1730861327413,-2.408100,0.465300,0.987700,0.213100,0.000500,9.674600,-89.000000,0.250000,4039.500000
1730861327413,-2.395900,0.473400,0.991800,0.231100,0.003500,9.681200,-96.500000,1.500000,4042.250000
1730861327413,-2.346900,0.526500,0.983600,0.223900,0.007700,9.679400,-98.250000,0.500000,4042.000000
1730861327414,-2.363200,0.469300,0.934600,0.235900,0.005300,9.668600,-98.500000,-2.250000,4037.000000
1730861327414,-2.432600,0.453000,0.934600,0.226300,0.014300,9.675800,-94.500000,6.000000,4040.000000
1730861327414,-2.314200,0.489700,0.946900,0.217300,0.002900,9.678800,-90.750000,1.250000,4041.250000
1730861327414,-2.306100,0.530600,0.991800,0.233500,0.003500,9.673400,-91.250000,0.500000,4040.500000
1730861327414,-2.342800,0.473400,0.942800,0.221500,0.003500,9.669800,-92.500000,1.500000,4037.500000
1730861327414,-2.330600,0.502000,0.922400,0.222700,0.000000,9.672200,-93.000000,0.000000,4038.500000
1730861327415,-2.351000,0.514200,-1.008100,0.231700,0.011300,9.677600,-96.750000,4.750000,4040.750000
1730861327415,-2.428500,0.461200,-1.012200,0.226900,0.002900,9.685400,-91.250000,1.500000,4042.000000
1730861327415,-2.424400,0.461200,0.963200,0.235900,0.023300,9.687800,-98.500000,9.750000,4045.000000
1730861327415,-2.330600,0.469300,0.959100,0.225100,0.003500,9.678200,-94.000000,1.500000,4041.000000
1730861327415,-2.326500,0.481600,0.971400,0.215500,0.000000,9.677000,-90.000000,0.000000,4040.500000
1730861327415,-2.342800,0.481600,0.942800,0.223900,0.000500,9.681200,-93.500000,0.250000,4042.250000
1730861327415,-2.457100,0.461200,-1.016300,0.229900,0.001100,9.671600,-96.000000,-1.500000,4046.250000
1730861327416,-2.412200,0.502000,0.951000,0.224500,0.011300,9.680000,-93.750000,4.750000,4041.750000
1730861327416,-2.195900,0.632600,0.975500,0.238300,0.001700,9.661500,-99.500000,0.750000,4034.000000
1730861327416,-2.228500,0.534600,0.914200,0.229300,0.019700,9.669800,-95.750000,-8.250000,4037.500000
1730861327416,-2.346900,0.542800,0.959100,0.226300,0.016700,9.675800,-103.500000,-2.000000,4040.750000
1730861327416,-2.408100,0.510200,0.938700,0.232300,0.000000,9.673400,-97.000000,0.000000,4039.000000
1730861327416,-2.420400,0.538700,0.991800,0.226900,0.000000,9.680600,-94.750000,0.000000,4042.000000
1730861327417,-2.436700,0.530600,-1.004000,0.244800,0.008900,9.677600,-102.250000,-3.750000,4040.750000
1730861327417,-2.404000,0.473400,0.971400,0.232300,0.003500,9.675800,-98.000000,-5.750000,4034.500000
1730861327417,-2.326500,0.448900,0.942800,0.231700,0.008300,9.674600,-96.750000,-3.500000,4039.500000
1730861327417,-2.375500,0.510200,0.930600,0.229300,0.010100,9.664500,-95.750000,-4.250000,4035.250000
1730861327417,-2.428500,0.465300,0.955100,0.237700,0.003500,9.679400,-99.250000,-1.500000,4041.500000
1730861327418,-2.367300,0.485700,0.930600,0.224500,0.016100,9.677000,-99.500000,-6.750000,4040.500000
1730861327418,-2.375500,0.485700,0.922400,0.234700,0.001700,9.672200,-98.000000,0.750000,4039.500000
1730861327418,-2.416300,0.481600,0.995900,0.236500,0.006500,9.660300,-98.750000,-2.750000,4033.500000
1730861327418,-2.502000,0.534600,0.975500,0.240100,0.017300,9.662100,-100.250000,-7.250000,4034.250000
1730861327418,-2.408100,0.502000,0.979500,0.231700,0.006500,9.671000,-96.750000,-2.750000,4038.000000
1730861327418,-2.461200,0.444800,-1.008100,0.212500,0.018500,9.753700,-115.250000,-3.250000,3932.250000
1730861327419,-2.363200,0.424400,0.942800,0.225100,0.002300,9.735700,-94.000000,1.000000,4065.000000
1730861327419,-2.424400,0.542800,-1.028500,0.240600,0.002900,9.662700,-100.500000,-1.250000,4034.500000
1730861327419,-2.342800,0.428500,0.922400,0.244800,0.011300,9.678200,-102.250000,-4.750000,4041.000000
1730861327419,-2.355100,0.518300,0.963200,0.226300,0.007100,9.673400,-97.750000,-5.750000,4040.250000
1730861327419,-2.367300,0.522400,-1.004000,0.231700,0.001100,9.653700,-96.750000,0.500000,4030.750000
1730861327419,-2.322400,0.461200,0.951000,0.220300,0.002300,9.679400,-92.000000,-1.000000,4041.500000
1730861327419,-2.473400,0.526500,0.991800,0.229900,0.008900,9.653700,-96.000000,-3.750000,4030.750000
1730861327420,-2.420400,0.453000,0.946900,0.228700,0.004700,9.691400,-97.250000,-2.000000,4046.500000
1730861327420,-2.342800,0.444800,0.938700,0.223900,0.009500,9.611800,-93.500000,-4.000000,4077.250000
1730861327420,-2.444800,0.506100,0.995900,0.236500,0.008900,9.695600,-98.750000,-3.750000,4048.250000
1730861327420,-2.408100,0.489700,0.955100,0.250200,0.001700,9.678800,-104.500000,0.750000,4041.250000
1730861327420,-2.285700,0.473400,0.946900,0.205900,0.012500,9.609400,-86.000000,-5.250000,4012.250000
1730861327420,-2.359100,0.563200,0.902000,0.238900,0.003500,9.701000,-99.750000,-5.500000,4022.500000
1730861327421,-2.416300,0.506100,-1.004000,0.227500,0.003500,9.554900,-95.000000,-1.500000,3989.500000
1730861327421,-2.302000,0.510200,0.918300,0.232300,0.009500,9.697400,-97.000000,-4.000000,4049.000000
1730861327421,-2.428500,0.502000,-1.065300,0.240100,0.004700,9.677000,-100.250000,-2.000000,4040.500000
1730861327421,-2.448900,0.522400,-1.016300,0.205300,0.008300,9.593800,-136.250000,22.000000,4167.500000
1730861327421,-2.338700,0.473400,0.959100,0.241800,0.004700,9.684800,-101.000000,-2.000000,4043.750000
1730861327421,-2.457100,0.506100,0.987700,0.230500,0.007100,9.668600,-96.250000,-3.000000,4037.000000
1730861327422,-2.481600,0.485700,-1.004000,0.246000,0.003500,9.630900,-102.750000,-1.500000,4021.250000
1730861327422,-2.436700,0.477500,0.946900,0.210100,0.013100,9.523700,-86.000000,-15.000000,4008.500000
1730861327422,-2.383600,0.477500,0.967300,0.240600,0.006500,9.680600,-100.500000,-2.750000,4042.000000
1730861327422,-2.351000,0.493800,0.955100,0.245400,0.017300,9.674000,-102.500000,-7.250000,4039.250000
1730861327422,-2.330600,0.473400,0.979500,0.232900,0.004700,9.649500,-97.250000,-2.000000,4029.000000
1730861327422,-2.379500,0.448900,0.987700,0.239500,0.013700,9.452500,-100.000000,-5.750000,3946.750000
1730861327423,-2.306100,0.461200,0.934600,0.222100,0.028700,9.656100,-92.750000,-7.000000,4032.500000
1730861327423,-2.453000,0.502000,-1.081600,0.226300,0.004100,9.715300,-94.500000,-1.750000,4056.500000
1730861327423,-2.383600,0.465300,0.979500,0.235300,0.014300,9.665600,-98.250000,-6.000000,4035.750000
1730861327423,-2.436700,0.461200,-1.012200,0.239500,0.002300,9.674000,-100.000000,-1.000000,4039.250000
1730861327423,-2.395900,0.469300,0.971400,0.231100,0.013700,9.673400,-99.750000,-2.500000,4037.250000
1730861327423,-2.400000,0.444800,0.983600,0.247800,0.004100,9.630300,-103.500000,-1.750000,4021.000000
1730861327424,-2.375500,0.408100,0.963200,0.227500,0.009500,9.617200,-95.000000,-4.000000,4015.500000
1730861327424,-2.375500,0.473400,0.983600,0.241800,0.005900,9.493200,-101.000000,-2.500000,3963.750000
1730861327424,-2.375500,0.469300,0.991800,0.218500,0.036500,9.578200,-98.000000,-2.000000,4094.000000
1730861327424,-2.338700,0.510200,0.983600,0.224500,0.020300,9.740500,-93.750000,-8.500000,4067.000000
1730861327424,-2.297900,0.477500,0.963200,0.242400,0.000500,9.745300,-101.250000,0.250000,4069.000000
1730861327569,-2.481600,0.518300,-1.032600,0.246000,0.014300,9.680000,-102.750000,-6.000000,4041.750000
1730861327669,-2.485700,0.497900,0.967300,0.231700,0.007100,9.677000,-96.750000,-3.000000,4040.500000
1730861327770,-2.412200,0.591800,0.987700,0.232300,0.013700,9.677600,-97.000000,-5.750000,4040.750000
1730861327868,-2.379500,0.477500,0.971400,0.244200,0.002900,9.668600,-100.250000,-2.000000,4036.500000
1730861327969,-2.510200,0.526500,-1.053000,0.228100,0.005900,9.678800,-95.250000,-2.500000,4041.250000
1730861328068,-2.334600,0.485700,0.963200,0.232900,0.008300,9.680600,-97.250000,-3.500000,4042.000000
1730861328168,-2.367300,0.481600,0.942800,0.234100,0.013100,9.673400,-97.750000,-5.500000,4039.000000
1730861328268,-2.383600,0.510200,0.971400,0.222100,0.008900,9.672800,-92.750000,-3.750000,4038.750000
1730861328367,-2.346900,0.457100,-1.008100,0.231100,0.012500,9.658500,-96.500000,-7.750000,4041.000000
1730861328468,-2.395900,0.473400,-1.004000,0.217900,0.011300,9.661500,-91.000000,-4.750000,4034.000000
1730861328566,-2.469300,0.485700,0.995900,0.208900,0.031700,9.657900,-87.250000,-13.250000,4032.500000
1730861328667,-2.469300,0.457100,-1.032600,0.237700,0.010700,9.669800,-99.250000,-4.500000,4037.500000
1730861328767,-2.383600,0.461200,0.975500,0.229900,0.016700,9.673400,-95.750000,-8.000000,4038.500000
1730861328866,-2.444800,0.461200,0.979500,0.227500,0.005300,9.675200,-95.000000,-2.250000,4039.750000
1730861328966,-2.387700,0.436700,-1.012200,0.229900,0.010100,9.688400,-96.000000,-4.250000,4045.250000
1730861329066,-2.408100,0.444800,0.967300,0.222100,0.016700,9.674000,-92.750000,-7.000000,4039.250000
1730861329166,-2.355100,0.465300,0.922400,0.228100,0.017900,9.680600,-97.750000,-5.750000,4040.000000
1730861329265,-2.306100,0.477500,0.975500,0.217300,0.012500,9.677600,-90.750000,-5.250000,4040.750000
1730861329365,-2.338700,0.473400,0.946900,0.225700,0.013700,9.665100,-94.250000,-5.750000,4035.500000
1730861329465,-2.395900,0.510200,0.987700,0.231100,0.024500,9.684200,-96.500000,-10.250000,4043.500000
1730861329563,-2.330600,0.510200,0.967300,0.225700,0.016700,9.680600,-91.500000,-3.250000,4042.000000
1730861329664,-2.338700,0.506100,0.942800,0.242400,0.013100,9.683000,-101.250000,-5.500000,4043.000000
1730861329764,-2.469300,0.510200,-1.016300,0.227500,0.011900,9.663900,-95.000000,-5.000000,4035.000000
1730861329863,-2.424400,0.522400,0.951000,0.228100,0.013100,9.678200,-95.250000,-5.500000,4041.000000
1730861329962,-2.334600,0.518300,0.963200,0.222100,0.012500,9.669800,-92.750000,-5.250000,4037.500000
1730861330063,-2.334600,0.485700,0.967300,0.226300,0.019100,9.668600,-95.750000,-5.000000,4038.500000
1730861330162,-2.497900,0.469300,-1.000000,0.226300,0.002900,9.675800,-94.500000,-1.250000,4040.000000
1730861330261,-2.457100,0.497900,0.995900,0.229900,0.022700,9.678800,-96.000000,-9.500000,4041.250000
1730861330361,-2.469300,0.526500,-1.048900,0.226300,0.012500,9.676400,-94.500000,-5.250000,4040.250000
1730861330462,-2.477500,0.469300,-1.004000,0.230500,0.004100,9.661500,-98.500000,0.500000,4039.750000
1730861330561,-2.367300,0.497900,0.946900,0.220300,0.014300,9.707600,-92.000000,-6.000000,4053.250000
1730861330660,-2.416300,0.555100,-1.012200,0.220900,0.022700,9.677600,-92.250000,-9.500000,4040.750000
1730861330760,-2.420400,0.477500,-1.024400,0.223900,0.012500,9.668000,-93.500000,-5.250000,4036.750000
1730861330861,-2.448900,0.493800,0.975500,0.234100,0.004700,9.691400,-95.750000,-2.500000,4033.250000
1730861330960,-2.314200,0.502000,0.971400,0.230500,0.041300,9.640500,-96.250000,-17.250000,4025.250000
1730861331059,-2.395900,0.506100,-1.008100,0.225700,0.023900,9.668600,-94.250000,-10.000000,4037.000000
1730861331159,-2.420400,0.444800,-1.000000,0.220300,0.020900,9.686600,-92.000000,-8.750000,4044.500000
1730861331258,-2.371400,0.387700,0.938700,0.259800,0.011300,9.660900,-92.500000,-4.750000,4033.750000
1730861331359,-2.444800,0.453000,-1.016300,0.223300,0.010700,9.667400,-93.250000,-4.500000,4036.500000
1730861331458,-2.265300,0.481600,-1.828500,0.159200,0.046100,9.669800,-66.500000,-19.250000,4037.500000
1730861331559,-2.367300,0.334600,-5.346900,0.265200,0.114300,9.660900,110.750000,47.750000,4033.750000
1730861331658,-2.277500,0.551000,-9.085700,0.108900,0.070600,9.702800,-45.500000,29.500000,4051.250000
1730861331757,-2.334600,0.428500,-5.461200,0.599300,0.399900,9.684800,-110.000000,-179.500000,4008.250000
1730861331858,-1.922400,0.122400,-14.653000,0.035900,0.344200,9.491400,15.000000,-143.750000,3963.000000
1730861331958,1.591800,-5.828500,-2.269300,0.831000,0.147200,9.422600,-347.000000,-61.500000,3934.250000
1730861332058,0.155100,8.767300,-7.216300,0.163400,0.287400,10.287800,-68.250000,-120.000000,4295.500000
1730861332157,-11.889700,18.685700,-6.461200,0.813100,0.414900,9.498000,366.250000,122.500000,4046.750000
1730861332257,-8.612200,6.718300,-12.069300,1.263300,0.542400,9.092600,527.500000,226.500000,3796.500000
1730861332357,-14.355100,-4.963200,0.338700,1.572900,0.105900,9.142900,656.750000,44.250000,3817.500000
1730861332456,-1.420400,0.477500,0.534600,0.699300,0.182000,10.418300,292.000000,76.000000,4350.000000
1730861332555,-8.689700,13.759100,0.795900,1.117200,1.068100,9.515400,521.000000,466.750000,4008.000000
1730861332656,-6.595900,9.318300,0.432600,1.683000,0.871100,9.757300,702.750000,363.750000,4074.000000
1730861332756,-2.461200,14.040800,-2.114200,1.475300,0.829200,9.394400,616.000000,346.250000,3922.500000
1730861332855,-1.032600,16.261200,-5.020400,1.729200,1.139400,8.746000,722.000000,475.750000,3651.750000
1730861332955,-6.934600,11.306100,-5.571400,2.879400,1.011200,8.868100,1202.250000,422.250000,3702.750000
1730861333055,-5.853000,18.110200,-6.502000,3.195500,0.787300,8.896300,1334.250000,321.750000,3701.000000
1730861333154,-3.285700,16.416300,-7.738700,3.844600,0.888500,8.954900,1605.250000,371.000000,3739.000000
1730861333254,-5.848900,18.526500,-5.228500,4.757700,1.115400,8.063400,1986.500000,465.750000,3366.750000
1730861333354,-1.840800,14.734600,-2.844800,4.751700,1.237600,7.953200,1984.000000,516.750000,3320.750000
1730861333453,0.281600,8.857100,-1.432600,5.215700,0.836400,7.689200,2190.500000,348.500000,3283.250000
1730861333552,-2.885700,11.057100,-3.473400,5.562400,0.844800,6.861700,2322.500000,352.750000,2865.000000
1730861333652,-1.951000,9.718300,-5.710200,6.012000,0.792700,6.915600,2510.250000,331.000000,2887.500000
1730861333753,0.853000,9.097900,-3.163200,6.380300,0.692100,7.044900,2664.000000,289.000000,2941.500000
1730861333852,-4.804000,3.118300,-1.326500,6.233600,0.817300,6.832300,2616.250000,333.250000,2845.500000
1730861333952,-7.097900,12.910200,0.412200,6.763500,0.656800,6.780800,2824.000000,274.250000,2831.250000
1730861334052,-7.930600,13.342800,-2.281600,7.185000,0.817800,6.332400,3000.000000,341.500000,2644.000000
1730861334151,-4.530600,-3.681600,-3.530600,7.860400,1.564500,6.159900,3282.000000,653.250000,2572.000000
1730861334250,-5.918300,-17.555100,0.024400,6.867100,1.072300,6.520400,2794.500000,457.500000,2722.500000
1730861334351,-6.983600,-23.497900,3.555100,6.506600,1.326800,6.925100,2716.750000,554.000000,2891.500000
1730861334451,-8.828500,-40.538700,5.412200,5.764800,1.460900,7.170600,2407.000000,610.000000,2994.000000
1730861334549,-6.832600,-40.163200,3.297900,4.474400,1.762100,8.264000,1868.250000,735.750000,3450.500000
1730861334649,-7.820400,-41.902000,3.367300,3.168000,2.002800,8.381900,1322.750000,836.250000,3499.750000
1730861334749,-7.975500,-41.542800,4.902000,1.863300,2.145300,9.167500,714.000000,864.250000,3823.250000
1730861334849,-9.138700,-39.730600,7.110200,0.447800,2.125500,8.951900,187.000000,887.500000,3737.750000
1730861334949,-2.710200,-42.697900,6.995900,-1.272300,2.503900,8.815400,-531.250000,1045.500000,3680.750000
1730861335049,-1.004000,-33.142800,7.163200,-3.098500,2.114200,8.878900,-1293.750000,882.750000,3707.250000
1730861335149,2.200000,-26.955100,4.195900,-3.569100,2.283600,8.741200,-1572.250000,902.750000,3728.500000
1730861335247,0.310200,-31.632600,5.159100,-4.989400,2.030900,8.174200,-2083.250000,848.000000,3413.000000
1730861335347,7.187700,-40.151000,5.563200,-5.621700,1.790200,7.210800,-2347.250000,747.500000,3010.750000
1730861335447,0.440800,-24.367300,7.534600,-7.125700,1.332800,7.341300,-2975.250000,556.500000,3065.250000
1730861335548,0.791800,-14.702000,5.204000,-7.198800,0.895100,6.794000,-3045.750000,399.500000,2817.750000
1730861335646,3.563200,-15.571400,8.330600,-7.686200,0.689100,6.001900,-3209.250000,287.750000,2506.000000
1730861335747,3.473400,-17.873400,12.314200,-7.798100,0.293300,5.469600,-3256.000000,122.500000,2283.750000
1730861335847,0.734600,-11.199900,15.526500,-8.720200,0.467600,5.142700,-3641.000000,-195.250000,2147.250000
1730861335946,-8.175500,15.530600,3.914200,-9.499800,0.564000,6.242000,-3992.750000,-253.000000,2606.250000
1730861336045,-6.518300,29.857100,0.326500,-8.001700,0.905300,6.237200,-3341.000000,-378.000000,2604.250000
1730861336146,-7.195900,27.310200,-1.114200,-7.454400,0.077800,6.242600,-3112.500000,32.500000,2606.500000
1730861336246,-17.306100,39.910200,-9.926500,-6.446700,0.217300,8.068200,-2691.750000,-90.750000,3368.750000
1730861336345,2.579500,24.420400,-13.848900,-4.243900,0.058000,8.641200,-1772.000000,-24.250000,3608.000000
1730861336445,-4.191800,21.591800,-15.897900,-4.860000,0.855000,8.150800,-1936.250000,403.250000,3460.250000
1730861336544,-4.371400,31.420400,-18.587700,-3.594900,0.416700,9.562700,-1501.000000,174.000000,3992.750000
1730861336644,4.212200,15.281600,-22.289700,-2.477000,0.846000,9.080700,-1034.250000,353.250000,3791.500000
1730861336743,8.289700,9.518300,-22.240800,-2.087800,0.690900,9.213600,-871.750000,288.500000,3847.000000
1730861336844,5.857100,10.073400,-27.987700,-1.721400,0.074200,9.465100,-447.750000,114.750000,4126.500000
1730861336943,3.163200,11.485700,-24.746900,0.692700,0.052600,9.721900,-289.250000,22.000000,4059.250000
1730861337043,2.514200,8.008100,-25.171400,-1.477100,-1.407000,10.032100,-616.750000,-587.500000,4188.750000
1730861337143,-4.902000,4.648900,-22.991800,0.803500,0.272400,9.655500,-335.500000,113.750000,4031.500000
1730861337242,3.869300,7.991800,-27.820400,0.602300,0.116700,9.414800,-292.750000,-100.500000,4022.250000
1730861337341,-2.746900,11.024400,-19.734600,0.088600,0.340000,9.943500,-37.000000,-142.000000,4151.750000
1730861337441,3.024400,10.518300,-12.314200,0.908900,0.540600,9.684200,379.500000,225.750000,4043.500000
1730861337541,1.853000,-5.669300,2.551000,1.350700,0.014300,9.877600,564.000000,-6.000000,4124.250000
1730861337641,-4.314200,-9.853000,10.534600,0.175400,0.078400,9.584800,79.500000,-32.750000,4002.000000
1730861337741,-5.400000,-5.097900,17.257100,0.179600,0.402300,9.633300,75.000000,168.000000,4022.250000
1730861337840,-9.232600,-7.718300,26.322400,0.164000,0.443000,9.323200,-68.500000,185.000000,3892.750000
1730861337940,-6.510200,-4.016300,27.114200,0.025700,0.588500,9.609400,-10.750000,245.750000,4012.250000
1730861338039,-8.881600,-10.383600,33.767300,-1.191500,0.262200,9.533900,-497.500000,109.500000,3980.750000
1730861338140,-5.065300,-18.004000,34.624400,-1.535200,0.262800,10.347600,-713.500000,155.000000,4457.750000
1730861338239,-6.061200,-13.395900,27.530600,-1.761500,0.912500,9.478200,-735.500000,381.000000,3957.500000
1730861338340,-10.726500,-15.971400,24.363200,-2.215900,0.292100,9.389600,-925.250000,122.000000,3920.500000
1730861338438,-4.681600,-7.644800,23.738700,-3.145200,0.348400,9.456100,-1313.250000,145.500000,3948.250000
1730861338538,4.391800,0.534600,21.097900,-2.751800,0.398700,8.963900,-1132.750000,87.500000,3874.250000
1730861338639,-14.522400,5.571400,18.204000,-3.124300,0.069400,9.646500,-1304.500000,-29.000000,4027.750000
1730861338737,-3.946900,3.542800,17.506100,-2.612900,0.001100,9.365700,-1091.000000,0.500000,3910.500000
1730861338838,-13.167300,-3.142800,15.416300,-2.577600,0.242400,9.007000,-1076.250000,101.250000,3760.750000
1730861338938,-6.946900,1.118300,16.179500,-2.849400,0.449000,9.061500,-1206.250000,227.750000,3800.500000
1730861339037,-3.069300,-2.648900,13.489700,-2.658400,0.119100,9.607600,-1110.000000,49.750000,4011.500000
1730861339136,1.489700,-8.379500,11.677500,-2.771600,0.002300,9.453700,-1157.250000,-1.000000,3947.250000
1730861339236,4.693800,-6.436700,2.016300,-3.168000,0.569400,9.586000,-1322.750000,-237.750000,4002.500000
1730861339336,-2.783600,4.791800,-8.763200,-3.987100,0.186200,8.885500,-1664.750000,-77.750000,3710.000000
1730861339436,-2.734600,11.669300,-20.424400,-3.196700,0.158000,9.086700,-1270.750000,-87.000000,3741.250000
1730861339536,-4.404000,14.151000,-23.379500,-2.321300,0.172400,9.615400,-969.250000,-72.000000,4014.750000
1730861339636,-9.428500,8.575500,-17.359100,-2.139300,0.598100,9.105800,-893.250000,249.750000,3802.000000
1730861339736,-13.693800,10.861200,-15.934600,-1.289100,0.650200,10.106900,-538.250000,271.500000,4220.000000
1730861339835,-13.522400,9.481600,-13.216300,0.895100,1.679500,8.980100,-386.000000,760.250000,3796.750000
1730861339935,-6.963200,-2.342800,-9.595900,0.984900,2.027900,9.229200,-411.250000,846.750000,3853.500000
1730861340034,-10.069300,-3.828500,-7.534600,-1.037600,2.050100,9.445300,-433.250000,856.000000,3943.750000
1730861340133,-10.832600,-6.212200,-6.448900,0.432300,2.364400,9.225600,-180.500000,987.250000,3852.000000
1730861340234,-16.265300,-6.902000,-4.955100,-1.222600,2.624300,9.151300,-455.000000,1180.000000,3759.000000
1730861340334,-8.763200,-4.938700,-4.318300,-1.362100,2.824300,9.672800,-568.750000,1179.250000,4038.750000
1730861340434,-10.889700,-1.167300,-6.044800,-1.553100,3.215900,9.353700,-648.500000,1342.750000,3905.500000
1730861340533,-12.926500,0.069300,-3.873400,-1.506400,3.606800,8.888500,-629.000000,1506.000000,3711.250000
1730861340633,-10.559100,-7.918300,-2.036700,-1.183100,4.117600,8.273500,-520.250000,1692.000000,3445.500000
1730861340733,-9.199900,-7.959100,-1.653000,-1.864500,4.386400,8.478900,-778.500000,1831.500000,3540.250000
1730861340832,-10.534600,-1.367300,-2.493800,-1.886600,4.611600,8.077800,-787.750000,1925.500000,3372.750000
1730861340931,-8.428500,0.183600,0.869300,-1.733300,4.687000,8.277100,-723.750000,1957.000000,3456.000000
1730861341031,-7.738700,0.155100,0.942800,-2.053700,4.832500,8.553800,-857.500000,2017.750000,3571.500000
1730861341130,-8.726500,2.044800,-2.338700,-1.741700,5.267200,8.251400,-727.250000,2199.250000,3445.750000
1730861341231,-9.404000,2.351000,-2.044800,-1.568700,5.415100,7.931700,-655.000000,2261.000000,3311.750000
1730861341330,-8.865300,0.044800,-1.326500,-1.729800,5.538400,7.723900,-722.250000,2312.500000,3225.000000
1730861341429,-6.979500,0.118300,-1.346900,-1.537600,5.820400,7.291600,-642.000000,2430.250000,3044.500000
1730861341529,-6.395900,1.873400,0.542800,-1.516600,5.691700,7.523900,-651.250000,2413.250000,3060.750000
1730861341629,-5.795900,0.428500,0.975500,-1.414200,5.744400,7.364000,-590.500000,2398.500000,3074.750000
1730861341730,-1.914200,-1.420400,0.155100,-1.478300,5.892300,7.535900,-617.250000,2460.250000,3146.500000
1730861341828,-2.285700,2.428500,0.583600,-1.859700,5.851000,7.686800,-776.500000,2443.000000,3209.500000
1730861341928,-1.159100,1.485700,0.775500,-1.662700,5.746800,7.880200,-709.500000,2428.500000,3262.500000
1730861342029,-4.126500,5.567300,0.995900,-1.240000,6.050400,7.228100,-517.750000,2526.250000,3018.000000
1730861342128,-2.979500,0.689700,-1.081600,0.990300,5.832400,7.394000,-413.500000,2435.250000,3087.250000
1730861342228,-2.657100,0.408100,0.048900,-1.211800,5.956400,7.422100,-506.000000,2487.000000,3099.000000
1730861342327,-2.326500,0.873400,0.416300,-1.342400,5.921600,7.879600,-607.250000,2488.000000,3309.250000
1730861342427,-5.004000,0.804000,-1.142800,-1.240000,6.020400,7.356900,-517.750000,2513.750000,3071.750000
1730861342527,-3.853000,0.146900,-1.155100,-1.414200,6.209000,7.336500,-590.500000,2592.500000,3063.250000
1730861342627,-3.530600,0.906100,-1.391800,-1.228000,6.009100,7.385000,-512.750000,2509.000000,3083.500000
1730861342727,-3.363200,-1.702000,-4.387700,-1.308800,6.007300,6.782000,-536.750000,2508.250000,2831.750000
1730861342826,0.334600,-1.600000,-5.216300,-1.192700,6.065900,7.185000,-498.000000,2532.750000,3000.000000
1730861342926,0.224400,-1.200000,-2.248900,-1.038800,6.128200,7.261600,-433.750000,2558.750000,3032.000000
1730861343025,4.212200,-2.599900,-2.359100,-1.325000,5.890500,7.409500,-553.250000,2459.500000,3093.750000
1730861343125,6.897900,0.171400,-5.195900,-1.483100,5.615100,7.735300,-619.250000,2344.500000,3229.750000
1730861343225,11.408100,0.461200,-11.930600,0.941800,5.400100,7.359200,-399.500000,2277.000000,3059.000000
1730861343325,12.322400,-3.110200,-15.032600,0.590300,4.581000,8.595700,-246.500000,1912.750000,3589.000000
1730861343424,11.673400,-3.167300,-13.493800,0.604100,4.437300,8.641800,-252.250000,1852.750000,3608.250000
1730861343524,4.004000,4.795900,-11.918300,0.818400,4.114600,8.504100,-341.750000,1718.000000,3550.750000
1730861343623,5.848900,4.873400,-20.057100,0.047900,3.765500,8.739400,88.500000,1492.500000,3702.500000
1730861343723,5.677500,-1.208100,-22.016300,0.835200,3.876900,9.019600,348.750000,1618.750000,3766.000000
1730861343823,6.914200,-2.910200,-25.089700,0.389100,2.982900,9.026800,162.500000,1245.500000,3769.000000
1730861343923,7.640800,0.408100,-22.644800,1.609400,3.006300,9.836900,672.000000,1255.250000,4107.250000
1730861344023,3.012200,-4.134600,-18.167300,1.347100,2.407500,9.862000,500.000000,1023.750000,4138.000000
1730861344121,-2.906100,0.706100,-14.420400,1.733900,2.791300,9.159700,724.000000,1165.500000,3824.500000
1730861344221,0.028500,3.216300,-10.840800,1.034000,2.042900,9.912900,431.750000,853.000000,4139.000000
1730861344322,1.040800,0.804000,-10.077500,1.730400,2.283600,9.458500,722.500000,953.500000,3949.250000
1730861344421,-2.432600,9.751000,-9.330600,1.810600,1.522600,9.104600,732.000000,635.750000,3801.500000
1730861344521,1.244800,-2.938700,-7.693800,2.257900,1.933300,8.692100,942.750000,807.250000,3747.250000
1730861344620,1.657100,10.530600,-5.518300,1.929700,1.301000,9.197400,805.750000,543.250000,3840.250000
1730861344719,-3.375500,0.257100,0.432600,2.095000,1.252500,9.193800,874.750000,523.000000,3838.750000
1730861344819,-2.228500,-3.265300,2.142800,2.338100,1.663300,9.306400,976.250000,694.500000,3885.750000
1730861344919,-3.722400,0.293800,0.555100,2.181200,1.418400,9.319000,950.250000,620.500000,3835.250000
1730861345019,3.077500,-1.799900,4.861200,2.508100,1.432800,8.737600,1047.250000,598.250000,3648.250000
1730861345118,5.693800,-8.857100,18.530600,2.187800,1.075300,9.522500,913.500000,449.000000,3976.000000
1730861345218,2.897900,-5.771400,23.820400,1.699800,1.230400,9.373500,709.750000,513.750000,3913.750000
1730861345318,-3.914200,-3.665300,19.469300,1.709400,1.397400,9.521400,742.000000,643.500000,3897.000000
1730861345418,0.314200,-14.061200,21.665300,0.908300,0.981900,9.934500,379.250000,410.000000,4148.000000
1730861345518,8.812200,-14.567300,23.502000,0.219700,0.680700,9.821900,-91.750000,284.250000,4101.000000
1730861345618,2.114200,-7.326500,20.726500,0.332300,0.437600,9.226200,138.750000,182.750000,3852.250000
1730861345716,3.081600,-9.706100,20.220400,0.913100,0.873500,9.146500,-325.000000,275.000000,3861.250000
1730861345817,2.534600,-1.779500,8.653000,-1.310600,0.052600,10.890700,-547.250000,-22.000000,4547.250000
1730861345917,2.155100,0.600000,-3.975500,-1.043600,0.177200,10.028500,-435.750000,74.000000,4187.250000
1730861346015,2.848900,0.844800,-3.093800,-1.016600,0.118500,9.811700,-424.500000,-49.500000,4096.750000
1730861346116,1.857100,0.457100,-4.102000,-1.064500,0.217300,10.164400,-408.000000,-90.750000,4244.000000
1730861346215,0.093800,-1.412200,-11.387700,-1.225600,0.205900,9.481200,-511.750000,-86.000000,4022.750000
1730861346315,-1.738700,6.065300,-17.008100,0.661000,0.384400,8.939400,-276.000000,-160.500000,3732.500000
1730861346415,-3.089700,8.775500,-18.632600,0.295100,0.410100,9.719500,-123.250000,-171.250000,4058.250000
1730861346515,-2.089700,3.963200,-15.600000,0.070000,0.346000,9.882400,-29.250000,-144.500000,4126.250000
1730861346614,-5.800000,1.922400,-17.412200,0.003500,0.482500,9.104000,-65.000000,-69.500000,3795.250000
1730861346714,-5.387700,0.065300,-20.783600,0.002300,0.500500,9.595600,1.000000,-209.000000,4006.500000
1730861346814,-3.710200,6.212200,-22.253000,0.185000,0.195700,9.954800,-77.250000,-81.750000,4156.500000
1730861346914,-4.897900,4.248900,-15.563200,0.029300,0.165800,9.676400,12.250000,-69.250000,4040.250000
1730861347012,-8.775500,7.404000,-6.408100,0.416700,0.104100,10.299100,150.750000,53.250000,4309.250000
1730861347113,-11.848900,4.465300,0.212200,0.898100,0.487900,9.247100,375.000000,203.750000,3861.000000
1730861347213,-12.110200,0.212200,4.779500,0.503500,0.850800,9.176500,210.250000,355.250000,3831.500000
1730861347313,-8.853000,-2.514200,5.636700,0.977100,1.315400,9.692000,408.000000,549.250000,4046.750000
1730861347412,-11.812200,-4.383600,6.334600,1.143600,1.238800,9.279500,509.500000,571.750000,3800.250000
1730861347511,-8.110200,1.759100,7.334600,0.771100,1.683600,9.839900,322.000000,703.000000,4108.500000
1730861347612,-11.281600,1.848900,4.963200,0.590900,2.358400,9.144700,246.750000,984.750000,3818.250000
1730861347710,-11.530600,0.910200,2.583600,0.874100,2.589600,9.523700,365.000000,1081.250000,3976.500000
1730861347811,-12.681600,1.942800,2.946900,0.745400,2.695500,9.435700,365.500000,1117.250000,3939.750000
1730861347910,-10.097900,-2.963200,4.073400,0.686700,3.272100,9.222000,286.750000,1366.250000,3850.500000
1730861348010,-13.730600,0.440800,2.004000,0.762800,3.684700,8.968700,318.500000,1538.500000,3744.750000
1730861348109,-14.199900,0.216300,1.257100,0.584300,3.988300,8.504700,244.000000,1665.250000,3551.000000
1730861348210,-15.918300,2.853000,2.326500,0.166400,4.212200,8.514200,69.500000,1758.750000,3555.000000
1730861348309,-17.363200,3.755100,1.763200,0.349600,4.931900,8.065800,142.500000,2096.250000,3262.500000
1730861348409,-7.840800,0.787700,0.542800,0.416100,5.137300,7.545500,173.750000,2145.000000,3150.500000
1730861348508,-1.016300,-3.612200,1.746900,0.490900,4.941500,8.471100,205.000000,2063.250000,3537.000000
1730861348608,-3.995900,1.383600,0.342800,0.322100,5.345600,8.490300,134.500000,2232.000000,3545.000000
1730861348707,-5.187700,-1.044800,1.163200,0.072400,5.523500,8.006500,-5.750000,2298.000000,3444.750000
1730861348808,-6.730600,2.318300,0.722400,0.524500,5.519300,8.146600,219.000000,2304.500000,3401.500000
1730861348908,-7.008100,0.779500,1.857100,0.414900,5.683300,7.837700,173.250000,2373.000000,3272.500000
1730861349008,-7.216300,0.971400,0.734600,0.542400,5.676100,7.956200,226.500000,2370.000000,3322.000000
1730861349106,-6.159100,0.800000,1.236700,0.546000,5.996500,7.361000,260.250000,2505.000000,3114.750000
1730861349206,-9.506100,1.612200,0.648900,0.526900,6.207200,7.291000,220.000000,2591.750000,3044.250000
1730861349306,-7.697900,-1.510200,0.465300,0.536400,6.212600,7.000600,224.000000,2594.000000,2923.000000
1730861349406,-5.722400,-1.693800,0.293800,0.264000,6.220400,7.010800,110.250000,2597.250000,2927.250000
1730861349506,-2.848900,-1.763200,0.375500,0.346600,6.329400,7.273600,118.500000,2679.250000,3037.000000
1730861349605,-6.755100,2.093800,0.963200,0.443600,6.706000,7.130500,185.250000,2800.000000,2977.250000
1730861349706,-6.404000,0.759100,-1.073400,0.264000,6.737700,6.897000,110.250000,2813.250000,2879.750000
1730861349805,-7.567300,0.579500,0.436700,0.238300,6.831700,6.819800,99.500000,2852.500000,2847.500000
1730861349905,-6.457100,0.653000,0.848900,0.166400,6.870100,6.851500,69.500000,2868.500000,2860.750000
1730861350005,-5.722400,2.032600,-1.975500,0.455000,6.870700,6.427000,158.250000,2846.750000,2664.250000
1730861350104,3.718300,-2.061200,-4.477500,0.885500,6.605400,5.704900,369.750000,2758.000000,2382.000000
1730861350204,12.518300,-6.800000,-8.248900,0.632200,6.758100,6.012000,264.000000,2821.750000,2510.250000
1730861350303,11.199900,1.951000,-11.355100,0.086800,5.709700,7.238900,36.250000,2384.000000,3022.500000
1730861350403,15.000000,1.955100,-10.897900,0.861600,4.874400,9.179500,304.000000,2097.500000,3735.500000
1730861350503,21.004000,0.983600,-14.432600,1.607600,5.494700,7.231100,671.250000,2294.250000,3019.250000
1730861350602,15.297900,3.142800,-19.955100,1.147800,4.014000,8.412500,479.250000,1676.000000,3512.500000
1730861350703,23.595900,10.930600,-21.297900,2.176400,2.929700,8.558000,908.750000,1223.250000,3573.250000
1730861350802,45.269300,1.644800,-17.069300,2.331500,1.334600,9.090200,901.750000,460.500000,4020.500000
1730861350901,28.710200,11.885700,-15.873400,3.138000,0.392700,8.647200,1310.250000,164.000000,3610.500000
1730861351001,30.616300,13.530600,-19.416300,3.408700,-1.557300,9.683000,1423.250000,-650.250000,4043.000000
1730861351102,20.930600,22.208100,-17.600000,4.136100,-2.399200,8.889100,1727.000000,-1001.750000,3711.500000
1730861351201,18.416300,14.906100,-18.012200,4.357100,-3.206300,7.325700,1854.250000,-1338.750000,3058.750000
1730861351300,13.759100,8.175500,-13.142800,4.973800,-3.830200,7.519100,2076.750000,-1599.250000,3136.500000
1730861351401,13.297900,6.510200,-13.473400,3.901400,-5.086400,6.527000,1629.000000,-2123.750000,2725.250000
1730861351500,7.689700,10.151000,-10.142800,4.197200,-5.685700,6.361700,1752.500000,-2374.000000,2656.250000
1730861351601,13.800000,17.824400,-15.795900,4.402000,-6.226400,5.767200,1838.000000,-2599.750000,2408.000000
1730861351699,17.804000,6.183600,-13.910200,5.169600,-6.404800,5.371400,2268.000000,-2633.000000,2218.250000
1730861351800,18.399900,0.040800,-8.644800,4.305000,-7.558000,5.010900,1797.500000,-3155.750000,2092.250000
1730861351899,16.734600,15.714200,-14.432600,3.957100,-7.984300,3.780500,1652.250000,-3333.750000,1578.500000
1730861351998,21.134600,8.820400,-9.853000,4.539700,-8.067000,3.201500,1895.500000,-3368.250000,1336.750000
1730861352098,21.848900,-4.914200,-5.012200,3.651200,-8.411900,2.113000,1374.500000,-3609.500000,960.750000
1730861352199,8.677500,17.551000,-10.077500,3.634400,-8.420200,1.146000,1517.500000,-3515.750000,478.500000
1730861352298,13.800000,14.702000,-8.236700,3.690700,-9.181900,0.728000,1541.000000,-3833.750000,304.000000
1730861352398,15.093800,10.044800,-7.844800,2.924300,-9.311800,0.499900,1221.000000,-3888.000000,208.750000
1730861352498,20.489700,3.583600,-9.399900,3.765500,-8.766300,-1.278900,1511.500000,-3718.000000,-534.000000
1730861352597,11.330600,7.885700,-5.195900,2.694900,-9.309400,-1.694400,1125.250000,-3887.000000,-707.500000
1730861352697,11.469300,6.991800,-8.346900,2.337500,-9.099800,-1.782400,976.000000,-3799.500000,-744.250000
1730861352797,6.195900,8.248900,-7.220400,2.190800,-9.110000,-2.730300,914.750000,-3803.750000,-1140.000000
1730861352897,3.657100,5.436700,-7.804000,2.007600,-9.010000,-3.311700,838.250000,-3762.000000,-1382.750000
1730861352997,-2.673400,7.710200,-5.995900,1.474100,-9.454900,-2.786600,615.500000,-3929.500000,-1335.750000
1730861353096,0.220400,0.044800,-7.665300,1.811800,-9.078900,-3.184700,756.500000,-3790.750000,-1329.750000
1730861353196,7.216300,2.306100,-9.779500,1.215400,-9.178300,-3.087100,507.500000,-3832.250000,-1289.000000
1730861353296,11.073400,0.914200,-3.567300,0.773500,-8.933400,-4.287600,323.000000,-3730.000000,-1790.250000
1730861353395,12.432600,0.742800,-9.073400,0.702300,-8.696300,-4.478600,342.750000,-3623.500000,-1981.250000
1730861353495,12.032600,7.191800,-5.775500,0.287400,-8.922000,-4.163700,120.000000,-3725.250000,-1738.500000
1730861353595,14.620400,2.963200,-4.722400,0.574200,-7.990900,-5.645600,239.750000,-3336.500000,-2357.250000
1730861353694,13.444800,1.902000,-5.395900,0.173600,-7.919700,-5.747400,72.500000,-3306.750000,-2399.750000
1730861353793,11.534600,2.187700,-2.624400,0.109500,-7.605300,-6.657500,68.000000,-3198.750000,-2738.750000
1730861353894,10.800000,1.032600,-4.885700,0.204700,-7.252100,-6.837100,-85.500000,-3028.000000,-2854.750000
1730861353994,14.979500,0.673400,-1.828500,0.138900,-6.997000,-6.750300,-58.000000,-2921.500000,-2818.500000
1730861354093,13.734600,2.114200,-1.008100,0.290300,-6.635400,-7.302400,-121.250000,-2770.500000,-3049.000000
1730861354193,17.110200,-2.604000,-1.514200,0.239500,-5.991100,-8.300500,4.500000,-2504.000000,-3465.750000
1730861354292,11.693800,3.861200,2.224400,-1.008300,-5.755200,-8.429200,-421.000000,-2403.000000,-3519.500000
1730861354393,11.918300,-1.502000,3.236700,0.584900,-5.096000,-9.390200,-244.250000,-2127.750000,-3920.750000
1730861354492,4.804000,4.595900,3.538700,0.346600,-4.451700,-8.135200,-144.750000,-1858.750000,-3396.750000
1730861354592,11.224400,-3.591800,0.510200,0.196900,-4.215200,-8.792100,-82.250000,-1760.000000,-3671.000000
1730861354691,5.159100,0.146900,0.657100,0.219700,-3.744000,-9.240500,-27.750000,-1563.500000,-3856.750000
1730861354790,6.400000,0.224400,0.061200,0.505300,-3.727200,-9.456700,-211.000000,-1556.250000,-3948.500000
1730861354890,1.951000,2.902000,-1.624400,0.053800,-3.270900,-9.799200,-22.500000,-1365.750000,-4091.500000
1730861354990,5.632600,0.204000,0.040800,0.111300,-3.006300,-9.113600,-46.500000,-1255.250000,-3805.250000
1730861355089,7.604000,-1.367300,-1.869300,0.400500,-2.913500,-9.384800,-100.500000,-1168.000000,-3764.000000
1730861355189,10.820400,-5.595900,0.979500,0.379000,-2.592600,-9.129800,-158.250000,-1082.500000,-3812.000000
1730861355289,0.857100,0.783600,0.869300,0.117900,-2.417100,-9.713600,-49.250000,-1009.250000,-4055.750000
1730861355388,-6.938700,-1.436700,0.783600,0.458600,-2.282400,-9.796800,-191.500000,-953.000000,-4090.500000
1730861355488,-11.183600,3.110200,-3.097900,0.345400,-2.681800,-9.332700,-149.000000,-1142.500000,-3889.250000
1730861355588,-7.065300,-1.106100,-2.812200,0.569400,-2.983500,-9.420800,-237.750000,-1245.750000,-3933.500000
1730861355688,-12.155100,1.583600,-2.906100,0.110700,-3.163200,-10.126700,-46.250000,-1320.750000,-4228.250000
1730861355788,-18.951000,4.959100,0.648900,0.549000,-3.682300,-9.080700,-229.250000,-1537.500000,-3791.500000
1730861355888,-19.134600,1.163200,1.179500,0.923200,-3.882900,-8.568700,-317.750000,-1581.500000,-3577.750000
1730861355988,-13.877500,-12.020400,1.408100,0.089200,-4.642100,-8.587900,-37.250000,-1938.250000,-3585.750000
1730861356087,-22.004000,-8.942800,3.187700,0.095200,-5.193000,-8.335800,39.750000,-2168.250000,-3480.500000
1730861356187,-23.857100,-7.926500,2.591800,0.020300,-5.807900,-8.197500,8.500000,-2425.000000,-3422.750000
1730861356287,-25.453000,-11.416300,-1.714200,0.673500,-6.810800,-7.684400,281.250000,-2843.750000,-3208.500000
1730861356387,-24.608100,-12.036700,2.310200,1.025600,-7.576600,-6.911400,364.250000,-3181.250000,-2885.000000
1730861356486,-24.771400,-7.044800,1.575500,1.398600,-7.377800,-6.154600,584.000000,-3080.500000,-2569.750000
1730861356586,-19.640800,-11.130600,0.946900,1.507000,-7.904100,-5.009700,629.250000,-3300.250000,-2091.750000
1730861356686,-26.089700,-9.946900,4.363200,2.121300,-8.380100,-4.652900,885.750000,-3499.000000,-1942.750000
1730861356785,-31.640800,-3.689700,5.620400,1.237000,-9.041100,-3.812200,477.750000,-3784.500000,-1686.750000
1730861356885,-21.457100,-7.775500,1.767300,2.786000,-8.918400,-3.129000,1163.250000,-3723.750000,-1306.500000
1730861356984,-12.893800,-11.583600,0.873400,2.399800,-9.765600,-1.962700,1002.000000,-4077.500000,-819.500000
1730861357085,-17.828500,-15.273400,-5.828500,2.480000,-9.044700,-1.726800,1035.500000,-3776.500000,-721.000000
1730861357184,-21.277500,-15.677500,-5.971400,2.711700,-8.537600,-1.645900,1179.750000,-3651.000000,-541.500000
1730861357284,-21.840800,-15.138700,-5.755100,1.587200,-10.188400,0.470600,662.750000,-4254.000000,-196.500000
1730861357384,-22.612200,-12.510200,-6.718300,2.451300,-9.419600,0.875900,1023.500000,-3933.000000,365.750000
1730861357483,-33.461200,-28.297900,-13.257100,1.651900,-9.729100,0.413700,689.750000,-4062.250000,172.750000
1730861357583,-31.673400,-8.946900,-1.861200,1.417200,-9.495600,2.956000,665.000000,-3910.000000,1217.750000
1730861357683,-27.759100,-24.285700,0.742800,1.899200,-8.865700,3.464300,793.000000,-3701.750000,1446.500000
1730861357782,-26.746900,-27.151000,-4.995900,0.990900,-8.288500,3.951100,413.750000,-3460.750000,1649.750000
1730861357881,-35.579500,-15.624400,-12.199900,0.585500,-7.708900,4.820500,244.500000,-3218.750000,2012.750000
1730861357982,-27.885700,-30.955100,-9.408100,0.665800,-7.429300,6.636000,-278.000000,-3102.000000,2770.750000
1730861358081,-33.983600,-19.632600,-6.665300,-1.621400,-6.688600,7.098200,-677.000000,-2800.250000,2958.750000
1730861358181,-31.216300,-19.306100,-3.840800,-1.684800,-5.924000,7.655000,-703.500000,-2473.500000,3196.250000
1730861358280,-25.975500,-22.004000,-7.408100,-2.642900,-4.266700,7.785000,-1103.500000,-1781.500000,3250.500000
1730861358380,-23.779500,-15.653000,-2.151000,-3.221300,-4.604400,7.801100,-1345.000000,-1922.500000,3257.250000
1730861358480,-21.412200,-15.730600,1.673400,-3.758900,-3.862500,8.467500,-1554.500000,-1616.500000,3452.750000
1730861358580,-22.685700,-18.359100,3.726500,-4.717500,-3.742200,8.558000,-1969.750000,-1562.500000,3573.250000
1730861358679,-19.865300,-24.889700,-5.538700,-4.755300,-2.369800,8.443600,-1985.500000,-989.500000,3525.500000
1730861358779,-19.493800,-16.461200,-2.946900,-5.361800,-1.174100,7.408900,-2238.750000,-490.250000,3093.500000
1730861358878,-15.102000,-18.587700,-5.640800,-6.325200,-1.765700,7.507700,-2606.250000,-688.500000,3192.250000
1730861358979,-12.697900,-35.469300,-8.277500,-6.606000,0.681300,6.661700,-2758.250000,-284.500000,2781.500000
1730861359078,-14.489700,-34.869300,-5.873400,-8.053800,0.621500,6.443700,-3362.750000,-259.500000,2690.500000
1730861359177,-13.453000,-17.367300,-4.726500,-9.037000,0.041900,5.605500,-3773.250000,17.500000,2340.500000
1730861359278,-11.767300,-7.212200,-8.232600,-9.466900,0.278400,5.188200,-3905.000000,213.500000,2166.250000
1730861359378,-9.179500,-11.306100,-9.836700,-8.935800,0.827400,4.765400,-3731.000000,345.500000,1989.750000
1730861359476,-11.636700,-3.526500,-6.877500,-8.678900,0.440000,4.773200,-3623.750000,183.750000,1993.000000
1730861359577,-8.914200,-9.955100,-4.318300,-8.702300,1.683600,3.882300,-3633.500000,703.000000,1621.000000
1730861359676,-6.114200,0.591800,-1.751000,-9.141700,1.072900,3.805600,-3817.000000,448.000000,1589.000000
1730861359775,-3.795900,2.893800,1.889700,-8.831000,1.486700,3.834400,-3687.250000,620.750000,1604.750000
1730861359876,-3.044800,8.910200,0.122400,-9.211800,1.489700,4.234900,-3846.250000,622.000000,1768.250000
1730861359976,-2.318300,15.693800,5.028500,-9.329700,1.107000,4.718700,-3895.500000,462.250000,1970.250000
1730861360075,0.685700,25.661200,3.918300,-8.302300,1.108200,5.148000,-3466.500000,462.750000,2149.500000
1730861360175,-2.204000,33.812200,5.138700,-7.129900,0.556200,6.080300,-2968.750000,341.000000,2385.500000
1730861360274,2.159100,32.240800,6.673400,-7.003600,0.672400,7.207800,-2924.250000,280.750000,3009.500000
1730861360374,0.367300,34.408100,1.946900,-6.412000,0.107700,8.238800,-2677.250000,45.000000,3440.000000
1730861360473,4.485700,31.040800,2.110200,-4.570800,0.412500,8.008300,-1908.500000,172.250000,3343.750000
1730861360573,0.208100,23.987700,3.444800,-4.182300,0.115500,9.008800,-1643.250000,-69.000000,3729.250000
1730861360673,0.571400,30.628500,1.632600,-3.003900,0.097500,9.247100,-1254.250000,-40.750000,3861.000000
1730861360773,3.881600,41.097900,3.893800,-1.910600,0.609500,8.735200,-797.750000,-254.500000,3647.250000
1730861360872,-1.314200,26.853000,1.902000,0.029900,0.718500,9.059100,-12.500000,-300.000000,3782.500000
1730861360972,1.387700,17.236700,2.661200,0.190400,0.845400,9.466300,-40.250000,-345.500000,3921.500000
1730861361072,1.097900,22.510200,3.926500,1.214200,0.849600,9.430900,507.000000,-354.750000,3937.750000
1730861361172,3.620400,24.179500,1.567300,2.049500,-1.279500,9.328600,855.750000,-534.250000,3895.000000
1730861361271,0.461200,27.514200,2.840800,3.033800,-1.314800,9.306400,1266.750000,-549.000000,3885.750000
1730861361371,2.175500,23.375500,1.265300,3.882300,-1.529200,8.766900,1623.000000,-638.500000,3660.500000
1730861361470,1.559100,14.661200,0.510200,4.753500,-1.564500,8.360400,1984.750000,-653.250000,3417.000000
1730861361570,0.453000,13.812200,0.428500,4.597800,-1.690800,8.207100,1919.750000,-706.000000,3426.750000
1730861361670,2.546900,20.048900,0.579500,5.322900,-1.781200,8.050800,2222.500000,-743.750000,3361.500000
1730861361770,-1.134600,21.436700,1.224400,5.680900,-1.874100,7.209600,2372.000000,-782.500000,3010.250000
1730861361869,-2.604000,20.763200,0.893800,6.437800,-1.712400,6.630000,2699.750000,-712.000000,2706.500000
1730861361968,-1.028500,12.844800,0.551000,7.002400,-1.801000,6.136000,2923.750000,-752.000000,2562.000000
1730861362069,0.938700,9.800000,1.159100,7.383200,-1.803400,5.907300,3082.750000,-753.000000,2466.500000
1730861362168,0.767300,9.595900,-1.771400,7.470600,-1.632800,5.233700,3119.250000,-681.750000,2185.250000
1730861362268,-1.808100,10.461200,0.693800,7.520900,-1.806400,5.093600,3145.250000,-748.250000,2082.000000
1730861362368,-1.097900,11.514200,0.726500,7.708300,-1.805800,4.757100,3218.500000,-754.000000,1986.250000
1730861362468,0.265300,10.179500,-1.420400,8.253200,-1.959700,4.774400,3446.000000,-818.250000,1993.500000
1730861362568,-2.440800,12.828500,0.126500,8.450200,-1.956100,4.092400,3528.250000,-816.750000,1708.750000
1730861362667,-2.028500,13.644800,0.751000,8.230400,-1.795600,3.679900,3443.250000,-741.000000,1512.500000
1730861362766,0.677500,11.318300,0.293800,8.207100,-1.723200,3.112300,3426.750000,-719.500000,1299.500000
1730861362866,-1.653000,13.367300,0.530600,8.977100,-1.732100,2.894300,3748.250000,-723.250000,1208.500000
1730861362965,0.987700,8.130600,0.861200,9.147100,-1.677700,2.576400,3819.250000,-700.500000,1075.750000
1730861363065,-1.653000,9.273400,-1.122400,8.897400,-1.673500,2.386000,3776.000000,-692.000000,996.250000
1730861363166,-1.387700,5.248900,-1.338700,9.034600,-1.696800,1.887800,3772.250000,-708.500000,788.250000
1730861363265,-1.391800,0.053000,-2.175500,9.108200,-1.780000,1.930900,3803.000000,-743.250000,806.250000
1730861363365,-2.791800,-4.444800,0.885700,9.210000,-1.686000,2.078200,3845.500000,-704.000000,867.750000
1730861363465,-3.200000,-19.061200,0.065300,9.308800,-1.719600,2.333300,3886.750000,-718.000000,974.250000
1730861363564,-5.355100,-26.738700,-1.608100,8.637000,-1.739300,3.018900,3636.500000,-703.750000,1263.500000
1730861363665,-4.967300,-33.873400,-2.963200,8.459200,-1.601000,3.958900,3532.000000,-668.500000,1653.000000
1730861363764,-4.730600,-38.644800,-7.244800,7.923300,-1.972800,5.439600,3308.250000,-823.750000,2271.250000
1730861363864,-5.424400,-39.351000,-10.677500,7.055700,-1.847700,6.133000,2946.000000,-771.500000,2560.750000
1730861363964,-2.330600,-34.795900,-7.244800,5.460000,-2.196800,6.986200,2263.000000,-940.250000,2951.500000
1730861364064,-1.861200,-24.297900,-7.693800,4.307400,-2.492000,7.369400,1798.500000,-1040.500000,3077.000000
1730861364163,-5.534600,-18.432600,-3.934600,4.085300,-2.398600,8.134600,1705.750000,-1001.500000,3396.500000
1730861364262,-9.522400,-20.465300,0.975500,3.914000,-2.041100,8.589100,1634.250000,-852.250000,3586.250000
1730861364362,-8.465300,-10.097900,0.812200,3.169800,-2.059700,8.959100,1330.500000,-867.250000,3851.000000
1730861364461,-17.706100,-10.399900,2.289700,3.084700,-1.361500,8.642400,1288.000000,-568.500000,3608.500000
1730861364561,-25.518300,-16.922400,2.281600,2.141700,-1.356700,9.675800,894.250000,-566.500000,4040.000000
1730861364660,-24.167300,-15.746900,1.746900,1.406400,0.125700,9.414800,587.250000,-52.500000,3931.000000
1730861364760,-20.334600,-7.020400,0.808100,1.273500,0.554400,9.950700,567.500000,231.500000,4154.750000
1730861364861,-21.583600,-4.110200,1.461200,1.229800,1.389100,9.348900,513.500000,580.000000,3956.750000
1730861364959,-22.420400,-5.775500,4.448900,1.122000,1.761500,9.736300,468.500000,735.500000,4065.250000
1730861365059,-24.089700,-14.253000,8.342800,0.784900,3.151200,8.408300,327.750000,1315.750000,3510.750000
1730861365159,-15.983600,-10.089700,4.265300,0.088000,3.627800,8.968100,-36.750000,1514.750000,3744.500000
1730861365259,-11.102000,-10.955100,0.755100,0.102900,3.656500,8.462800,-28.750000,1583.250000,3471.000000
1730861365358,0.379500,-15.955100,4.416300,0.528100,3.888300,8.967500,-220.500000,1623.500000,3744.250000
1730861365459,8.028500,-11.579500,3.318300,0.944800,3.199100,8.813600,-394.500000,1335.750000,3680.000000
1730861365559,21.787700,-22.906100,-3.885700,-1.527400,3.803800,7.654400,-637.750000,1588.250000,3196.000000
1730861365658,4.783600,5.979500,-9.742800,-1.286700,3.012900,8.482500,-491.500000,1229.250000,3424.500000
1730861365758,10.220400,6.575500,-14.632600,-2.122500,0.850800,10.278200,-886.250000,355.250000,4291.500000
1730861365857,18.448900,-1.567300,-18.065300,-2.015400,0.512500,10.387700,-841.500000,214.000000,4337.250000
1730861365957,10.897900,4.412200,-20.187700,-1.322000,0.973500,9.221400,-552.000000,406.500000,3850.250000
1730861366057,7.428500,2.416300,-24.571400,0.983100,0.817800,9.524900,-452.000000,339.000000,3910.000000
1730861366157,4.579500,0.457100,-18.506100,0.851400,0.439400,9.978200,-355.500000,183.500000,4166.250000
1730861366257,0.653000,1.481600,-12.481600,-1.019000,0.454400,9.210600,-425.500000,189.750000,3845.750000
1730861366356,0.151000,13.424400,-7.342800,-1.162100,0.283800,9.362700,-485.250000,118.500000,3909.250000
1730861366456,-1.612200,12.514200,-1.706100,0.702300,0.158000,9.733300,-293.250000,-66.000000,4064.000000
1730861366556,5.918300,6.693800,-17.322400,0.181400,0.417900,9.705800,75.750000,-174.500000,4072.750000
1730861366655,4.746900,6.420400,-23.869300,0.238300,0.768800,9.369300,99.500000,-321.000000,3912.000000
1730861366755,0.661200,-2.297900,-15.465300,0.401100,0.849000,9.458500,167.500000,-354.500000,3949.250000
1730861366854,2.028500,-5.632600,-13.289700,0.110100,-1.485500,9.753100,46.000000,-620.250000,4072.250000
1730861366955,-3.632600,1.934600,-6.302000,0.131700,0.660400,9.905800,145.750000,-316.000000,4070.500000
1730861367054,0.971400,-6.853000,16.661200,0.002900,0.774100,9.587800,1.250000,-323.250000,4003.250000
1730861367153,1.465300,-11.175500,25.795900,0.367600,-1.348300,9.568100,153.500000,-563.000000,3995.000000
1730861367253,-9.122400,12.518300,21.110200,0.793300,-1.376500,9.919500,-331.250000,-574.750000,4141.750000
1730861367353,-6.497900,4.069300,30.844800,0.082600,-1.152600,9.387800,3.250000,-532.750000,3929.000000
1730861367453,-7.448900,4.632600,24.502000,1.899200,2.923100,11.050600,793.000000,1220.500000,4614.000000
1730861367553,-7.000000,1.971400,18.175500,0.458000,0.460400,9.906300,191.250000,-192.250000,4136.250000
1730861367653,-7.379500,4.371400,18.481600,1.060300,0.488500,9.870400,442.750000,204.000000,4121.250000
1730861367752,0.012200,0.061200,19.987700,1.050800,0.006500,9.604000,495.500000,75.000000,4010.000000
1730861367852,-4.534600,7.012200,16.306100,1.299200,0.507100,10.120100,542.500000,211.750000,4225.500000
1730861367952,0.212200,6.628500,12.918300,1.113600,0.035300,9.971600,465.000000,-14.750000,4163.500000
1730861368050,0.693800,-3.106100,13.877500,1.662100,0.080800,9.172900,694.000000,-33.750000,3830.000000
1730861368151,-1.697900,-8.971400,13.248900,1.052000,0.395100,9.337500,439.250000,165.000000,3898.750000
1730861368251,-2.657100,-8.730600,14.804000,0.905900,0.021500,9.561500,378.250000,24.750000,3985.750000
1730861368349,0.122400,-3.240800,17.167300,0.098100,0.164600,9.448900,-41.000000,68.750000,3945.250000
1730861368450,0.444800,-5.163200,17.310200,1.865100,0.018500,9.790200,778.750000,-7.750000,4087.750000
1730861368549,-5.763200,-2.485700,22.742800,0.647800,0.479600,9.760900,270.500000,-200.250000,4075.500000
1730861368649,0.787700,-5.191800,15.640800,0.082000,0.008300,10.053000,63.750000,-39.000000,4223.500000
1730861368749,-7.534600,7.424400,15.926500,0.425700,0.221500,9.923100,177.750000,-92.500000,4143.250000
1730861368849,2.930600,-5.975500,18.387700,0.352600,0.027500,9.780000,147.250000,-11.500000,4083.500000
1730861368948,-2.791800,-8.416300,16.763200,0.192700,0.123900,9.388400,-80.500000,51.750000,3920.000000
1730861369047,-8.171400,0.444800,9.587700,0.259200,0.207700,9.637500,-97.250000,85.250000,3994.250000
1730861369148,-8.632600,2.595900,14.926500,0.498700,0.289700,9.301000,-208.250000,121.000000,3883.500000
1730861369248,-8.346900,-1.110200,12.420400,0.479600,0.486100,9.645900,-200.250000,203.000000,4027.500000
1730861369347,-7.481600,5.089700,7.363200,0.105900,0.534600,9.948900,-44.250000,223.250000,4154.000000
1730861369446,-2.751000,0.918300,1.081600,0.416100,0.608900,9.380600,-137.250000,254.250000,3926.250000
1730861369546,-1.624400,0.089700,-10.616300,0.462200,0.604100,9.769800,-193.000000,252.250000,4079.250000
1730861369647,-9.571400,11.044800,-17.016300,0.016100,0.807100,9.168100,-6.750000,337.000000,3828.000000
1730861369746,0.387700,0.432600,-23.253000,0.260400,0.778900,9.837500,-108.750000,325.250000,4107.500000
1730861369846,-6.453000,0.897900,-27.000000,0.119700,1.070500,9.234500,50.000000,447.000000,3855.750000
1730861369945,1.257100,-1.399900,-27.848900,0.683100,0.206500,9.978200,285.250000,65.500000,4206.250000
1730861370046,-5.367300,3.008100,-23.930600,0.668800,0.655600,9.605200,279.250000,273.750000,4010.500000
1730861370145,-2.048900,-1.432600,-27.551000,0.995100,0.725000,9.392600,415.500000,302.750000,3921.750000
1730861370245,1.783600,-6.644800,-20.469300,1.190900,0.533400,10.169200,497.250000,222.750000,4246.000000
1730861370345,5.244800,-13.208100,-20.804000,0.523900,0.128100,9.641100,41.000000,-36.000000,4030.500000
1730861370445,5.106100,-11.951000,-17.461200,1.003500,0.292100,10.239900,419.000000,122.000000,4275.500000
1730861370544,0.151000,0.771400,-19.681600,0.164000,0.308900,9.220800,-68.500000,129.000000,3850.000000
1730861370644,2.583600,6.702000,-14.012200,0.558000,0.277800,10.059600,-233.000000,-116.000000,4200.250000
1730861370744,2.122400,0.828500,-11.322400,0.311900,0.256200,10.101500,116.500000,-126.500000,4244.750000
1730861370843,-2.122400,0.053000,-9.322400,0.120300,0.534600,9.315400,-50.250000,-223.250000,3889.500000
1730861370943,-7.179500,2.832600,-2.706100,0.095800,0.399900,9.108800,-40.000000,-167.000000,3803.250000
1730861371043,0.212200,-1.653000,-1.975500,0.265800,0.501100,10.095600,111.000000,-209.250000,4215.250000
1730861371142,-6.853000,2.714200,-2.951000,0.873500,-1.492600,10.035100,-178.000000,-270.750000,4207.500000
1730861371241,-9.775500,9.159100,-4.371400,0.518500,0.277800,9.351900,216.500000,-116.000000,3904.750000
1730861371342,-5.828500,2.959100,-2.546900,0.426300,0.102300,9.701600,178.000000,42.750000,4050.750000
1730861371441,-2.673400,-7.836700,-1.991800,0.046100,0.231100,9.741100,19.250000,-96.500000,4067.250000
1730861371541,-2.591800,-6.759100,-2.510200,0.024500,0.000500,9.640500,10.250000,0.250000,4025.250000
1730861371640,-2.395900,-2.865300,-1.951000,0.019700,0.061600,9.780600,8.250000,-27.500000,4042.000000
1730861371740,-2.436700,-2.714200,-1.110200,0.157400,0.094000,9.721900,-65.750000,-39.250000,4059.250000
1730861371840,-2.310200,0.628500,-1.126500,0.194500,0.138300,9.693200,-81.250000,-57.750000,4047.250000
1730861371939,-2.412200,0.885700,0.853000,0.195700,0.009500,9.677600,-81.750000,4.000000,4040.750000
1730861372039,-2.395900,0.285700,-1.310200,0.149000,0.207100,9.383600,-1.750000,0.500000,4116.250000
1730861372138,-2.412200,0.506100,-1.024400,0.176600,0.050200,9.662700,-73.750000,-21.000000,4034.500000
1730861372238,-2.408100,0.612200,-1.048900,0.221500,0.020300,9.677600,-92.500000,-8.500000,4040.750000
1730861372338,-2.424400,0.110200,-1.024400,0.001700,0.025100,9.590800,0.750000,10.500000,4004.500000
1730861372439,-2.395900,0.555100,-1.040800,0.198700,0.024500,9.678800,-71.000000,-24.750000,4032.250000
1730861372538,-2.346900,0.493800,0.971400,0.181400,0.038300,9.671000,-75.750000,-16.000000,4038.000000
1730861372638,-2.387700,0.534600,-1.004000,0.179600,0.046100,9.674000,-75.000000,-19.250000,4039.250000
1730861372738,-2.465300,0.518300,-1.024400,0.168200,0.049000,9.677000,-70.250000,-20.500000,4040.500000
1730861372836,-2.297900,0.514200,0.979500,0.159200,0.045500,9.687200,-82.500000,-19.000000,4044.750000
1730861372937,-2.448900,0.485700,-1.048900,0.185600,0.048400,9.681200,-77.500000,-20.250000,4042.250000
1730861373036,-2.404000,0.481600,-1.061200,0.182600,0.041900,9.678800,-76.250000,-17.500000,4041.250000
1730861373137,-2.412200,0.465300,-1.012200,0.165800,0.042500,9.670400,-69.250000,-17.750000,4037.750000
1730861373236,-2.387700,0.510200,-1.040800,0.195700,0.046100,9.682400,-81.750000,-19.250000,4042.750000
1730861373335,-2.363200,0.448900,0.971400,0.172400,0.043100,9.672200,-77.250000,-15.000000,4034.750000
1730861373436,-2.342800,0.375500,-1.040800,0.151400,0.086800,9.844700,-63.250000,-36.250000,4110.500000
1730861373535,-2.428500,0.444800,-1.020400,0.182600,0.035300,9.696800,-76.250000,-14.750000,4048.750000
1730861373635,-2.322400,0.473400,-1.032600,0.178400,0.032900,9.684800,-74.500000,-13.750000,4043.750000
1730861373735,-2.359100,0.432600,-1.024400,0.176600,0.047300,9.682400,-73.000000,-21.000000,4044.750000
1730861373833,-2.342800,0.400000,0.975500,0.177800,0.044300,9.675800,-74.250000,-18.500000,4040.000000
1730861373933,-2.400000,0.493800,-1.089700,0.183200,0.043700,9.677000,-76.500000,-18.250000,4040.500000
1730861374033,-2.481600,0.514200,-1.020400,0.198700,0.040700,9.679400,-83.000000,-17.000000,4041.500000
1730861374133,-2.326500,0.477500,-1.012200,0.187400,0.029900,9.677000,-65.000000,-17.500000,4033.250000
1730861374233,-2.326500,0.420400,0.991800,0.173000,0.047900,9.656100,-72.250000,-20.000000,4031.750000
1730861374333,-2.338700,0.489700,-1.008100,0.174800,0.033500,9.678800,-73.000000,-14.000000,4041.250000
1730861374433,-2.318300,0.506100,-1.040800,0.176600,0.049000,9.677000,-73.750000,-20.500000,4040.500000
1730861374532,-2.428500,0.502000,-1.044800,0.178400,0.042500,9.677000,-71.250000,-17.750000,4040.500000
1730861374631,-2.473400,0.461200,-1.036700,0.174800,0.041300,9.666200,-73.000000,-17.250000,4036.000000
1730861374731,-2.297900,0.436700,-1.024400,0.176000,0.042500,9.642300,-73.500000,-17.750000,4026.000000
1730861374831,-2.432600,0.502000,-1.016300,0.183200,0.057400,9.674600,-76.500000,-24.000000,4039.500000
1730861374931,-2.355100,0.440800,-1.012200,0.163400,0.032900,9.677600,-68.250000,-13.750000,4040.750000
1730861375031,-2.391800,0.453000,0.979500,0.169400,0.038900,9.680600,-71.000000,-12.000000,4043.500000
1730861375131,-2.375500,0.559100,-1.000000,0.197500,0.044300,9.652500,-82.500000,-18.500000,4030.250000
